title,description
The Matrix,A computer hacker learns about the true nature of reality and his role in the war against its controllers.
Inception,A thief who steals corporate secrets through dream-sharing technology is given an inverse task of planting an idea.
Interstellar,A team of explorers travel through a wormhole in space in an attempt to ensure humanity's survival.
The Social Network,The story of Facebook and its founder Mark Zuckerberg.
The Godfather,An organized crime dynasty's aging patriarch transfers control to his reluctant son.